,,11,12,13,20,30,,,,,,,,A2,B0,C3,C4,,,,,,
,,,,,,,,,,,,,備蓄,,標高（m）,,,,,,,,
,避難先名称,"避難が予想される
住民の地区名",,,指定場所,市町村名,避難種別,避難所区分,"土砂災害・浸水・
津波浸水予測地域","（風水害）
緊急避難先レベル","（津波）
緊急避難先レベル",耐震性,備蓄の有無,備蓄品目,,"経度：東経
(世界測地系10進法)","緯度：北緯
(世界測地系10進法)",備考１,"備考２
（発電機有無）",収容人数,所在地,,
,串本小学校（震災時は校舎）,北,西,他,,串本町,避難所 屋内避難先 ,風水害 地震,土砂災害浸水予測地域 ,☆,☆,耐震性有り,有,無線機,5.6,135.7796,33.467222,,,285,串本町串本776,,
,串本中学校（震災時は校舎）屋上,堀笠嶋,,,,串本町,避難所 屋内避難先 ,風水害 地震,土砂災害浸水予測地域 ,☆,☆,耐震性有り,,,4.7,135.783141,33.45928,,,571,串本町串本1620,,
,串本高校体育館,南,堀笠嶋,,,串本町,避難所 屋内避難先 ,風水害 津波 地震,土砂災害浸水予測地域 ,☆☆,☆☆☆,耐震性有り,有,アルファ米、間仕切り,10.5,135.7794181,33.4614075,,,1156,串本町串本1522,,
,串本幼稚園,矢ノ熊,,,,串本町,避難所 屋内避難先 ,風水害 ,土砂災害浸水予測地域 ,☆,,,,,5.9,135.7776489,33.47297,,,460,串本町串本508-3,,
,串本保育所,矢ノ熊,,,,串本町,避難所 屋内避難先 ,風水害 ,,☆☆☆,,,,,4.9,135.780972,33.468914,,,740,串本町串本502,,
,串本町立体育館,矢ノ熊,,,,串本町,避難所 屋内避難先 ,風水害 ,,☆☆☆,,耐震性有り,,,3,135.784048,33.472426,,,1301,串本町串本2427,,
,老人憩の家｢わかしお｣,西,,,,串本町,避難所 屋内避難先 ,風水害 ,,☆☆☆,,,,,5.9,135.7791627,33.4674597,,,197,串本町串本1252,,
,サンゴ台集会所,矢ノ熊,大水崎,くじの川,,串本町,避難所 屋内避難先 ,風水害 津波 地震,,☆☆☆,☆☆☆,耐震性有り,,,40.9,135.781333,33.482445,,,50,串本町サンゴ台1060-140,,
,橋杭区民集会所(平成24年度新築）,くじの川,,,,串本町,避難所 屋内避難先 屋外避難先 ,風水害 津波 地震,土砂災害浸水予測地域 ,☆,☆,耐震性有り,有,毛布,7.7,135.7917442,33.487602,,,344,串本町くじの川1455-内1号,,
,徳泉寺,くじの川,,,,串本町,避難所 屋内避難先 ,風水害 津波 地震,,☆☆☆,☆☆☆,耐震性有り,有,無線機,31,135.7859418,33.4962276,,,,串本町くじの川214,,
,錦富小学校,高富,二色,,,串本町,避難所 屋内避難先 ,風水害 津波 地震,土砂災害浸水予測地域 ,☆,☆,耐震性有り,有,アルファ米、間仕切り、毛布、無線機,14,135.7649943,33.48346,,,262,串本町二色360,,
,二色多目的集会所（２階）,二色,,,,串本町,避難所 屋内避難先 ,風水害 津波 地震,,☆☆☆,,耐震性有り,有,毛布,4.6,135.766932,33.482219,,,140,"串本町二色372-1,2",,
,高富地区集会施設,高富,,,,串本町,避難所 屋内避難先 ,風水害 ,土砂災害浸水予測地域 ,☆,,,,,4.6,135.766054,33.481731,,,53,串本町高富485-3､486,,
,法雲寺,二色,,,,串本町,避難所 屋内避難先 屋外避難先 ,風水害 津波 地震,土砂災害浸水予測地域 ,☆,☆,,,,6.2,135.7702612,33.4869497,,,,串本町二色227,,
,光明寺,高富,,,,串本町,避難所 屋内避難先 屋外避難先 ,風水害 津波 地震,,☆☆☆,☆☆☆,,有,アルファ米、保存水,15,135.763836,33.4873042,,,,串本町高富375,,
,出雲小学校,出雲,,,,串本町,避難所 屋内避難先 ,風水害 津波 地震,,☆☆☆,☆☆☆,耐震性有り,有,アルファ米,46,135.7856947,33.4478226,,,933,串本町出雲1617-21,,
,ふれあいの家,出雲,,,,串本町,避難所 屋内避難先 ,風水害 地震,,☆☆☆,☆☆☆,耐震性有り,,,57,135.784136,33.445191,,,47,串本町出雲1614-1,,
,観福寺,出雲,,,,串本町,避難所 屋内避難先 屋外避難先 ,風水害 津波 地震,土砂災害浸水予測地域 ,☆,☆,,,,9,135.7934556,33.4514586,,,,串本町出雲103,,
,和歌山県立潮岬青少年の家,出雲,,,,串本町,避難所 屋内避難先 屋外避難先 ,風水害 津波 地震,,☆☆☆,☆☆☆,耐震性有り,有,無線機,,135.780534,33.446471,,,,,,
,潮岬小学校,潮岬,,,,串本町,避難所 屋内避難先 ,風水害 津波 地震,,☆☆☆,☆☆☆,耐震性有り,有,アルファ米、毛布,57,135.7599629,33.4476158,,,310,串本町潮岬3136,,
,潮岬中学校,潮岬,,,,串本町,避難所 屋内避難先 ,風水害 津波 地震,,☆☆☆,☆☆☆,耐震性有り,有,間仕切り、大型テント、毛布,50,135.755949,33.4486965,,,385,串本町潮岬3349,,
,潮岬公民館,潮岬,,,,串本町,避難所 屋内避難先 屋外避難先 ,風水害 津波 地震,,☆☆☆,☆☆☆,,有,アルファ米、保存水、毛布,66,135.7605839,33.4484162,,,353,串本町潮岬3454-1,,
,潮岬平松コミュニティーセンター,潮岬,,,,串本町,避難所 屋内避難先 ,風水害 津波 地震,,☆☆☆,☆☆☆,耐震性有り,有,アルファ米、保存水、毛布,67,135.7680197,33.4556659,,,65,串本町潮岬360-1,,
,萩尾塔石集会所,潮岬,,,,串本町,避難所 屋内避難先 ,風水害 津波 地震,,☆☆☆,☆☆☆,耐震性有り,有,アルファ米、保存水、毛布,70,135.7763003,33.4535165,,,60,串本町潮岬807-1,,
,串本西小学校（震災時は校舎２階以上）,有田,,,,串本町,避難所 屋内避難先 ,風水害 津波 地震,津波浸水予測地域,☆☆☆,,耐震性有り,有,アルファ米、間仕切り,3,135.737145,33.487353,,,335,串本町有田411,,
,有田公民館,有田,,,,串本町,避難所 屋内避難先 ,風水害 地震,,☆☆☆,,耐震性有り,有,無線機、毛布,5.4,135.7369888,33.48652,,,218,串本町有田630,,
,正覚寺,有田,,,,串本町,避難所 屋内避難先 屋外避難先 ,風水害 津波 地震,土砂災害浸水予測地域 ,☆,☆,,,,5,135.7362142,33.4892252,,,,串本町有田520,,
,旧田並小学校体育館,田並,,,,串本町,避難所 屋内避難先 ,風水害 地震,土砂災害浸水予測地域 ,☆,,耐震性有り,,,4.4,135.720043,33.485131,,,141,串本町田並1212,,
,串本西中学校（震災時は校舎２階以上）,田並,,,,串本町,避難所 屋内避難先 ,風水害 津波 地震,土砂災害浸水予測地域 ,☆,☆,耐震性有り,有,アルファ米、間仕切り、無線機,3,135.719543,33.486776,,,287,串本町田並1300,,
,田並公民館,田並,,,,串本町,避難所 屋内避難先 ,風水害 地震,,☆☆☆,,耐震性有り,有,毛布,4.1,135.718292,33.482517,,,251,串本町田並910,,
,田並上多目的集会所,田並,,,,串本町,避難所 屋内避難先 ,風水害 津波 地震,,☆☆☆,☆☆☆,耐震性有り,有,無線機,7.2,135.7185601,33.4958093,,,50,串本町田並上95-3,,
,円光寺,田並,,,,串本町,避難所 屋内避難先 屋外避難先 ,風水害 津波 地震,土砂災害浸水予測地域 ,☆,☆,,,,3.3,135.7163484,33.4872496,,,,串本町田並1141,,
,江田多目的集会所,江田,,,,串本町,避難所 屋内避難先 ,風水害 ,,☆☆☆,,,,,3.6,135.703609,33.490528,,,82,串本町江田91-1,,
,海蔵寺,江田,,,,串本町,避難所 屋内避難先 屋外避難先 ,風水害 津波 地震,土砂災害浸水予測地域 ,☆,☆☆,,有,無線機、毛布,13.2,135.7043867,33.4928866,,,,串本町江田528,,
,赤瀬公民館,安指,田子,,,串本町,避難所 屋内避難先 屋外避難先 ,風水害 津波 地震,,☆☆☆,☆☆☆,,有,アルファ米、無線機、保存水,28,135.67597,33.489781,,,501,串本町和深2876,,
,田子多目的集会所,田子,,,,串本町,避難所 屋内避難先 ,風水害 津波 地震,土砂災害浸水予測地域 ,☆,☆,耐震性有り,有,無線機,4,135.683751,33.492489,,,82,串本町田子118-5,,
,願成寺,田子,,,,串本町,避難所 屋内避難先 屋外避難先 ,風水害 津波 地震,土砂災害浸水予測地域 ,☆,☆☆,,,,13,135.682708,33.490814,,,,串本町田子89,,
,旧和深中学校体育館,和深,,,,串本町,避難所 屋内避難先 屋外避難先 ,風水害 津波 地震,土砂災害浸水予測地域 ,☆,☆☆,,有,土嚢,9.2,135.656414,33.504482,,,,串本町和深978,,
,和深公民館,和深,,,,串本町,避難所 屋内避難先 屋外避難先 ,風水害 津波 地震,,☆☆☆,☆,耐震性有り,有,毛布,6,135.659733,33.499145,,,243,串本町和深910,,
,和深総合センター,和深,,,,串本町,避難所 屋内避難先 ,風水害 津波 地震,,☆☆☆,☆☆☆,耐震性有り,有,アルファ米、無線機、保存水,39,135.6517562,33.5019044,,,490,串本町和深689,,
,和深前地コミュニティセンター,和深,,,,串本町,避難所 屋内避難先 屋外避難先 ,風水害 津波 地震,,☆☆☆,☆☆☆,耐震性有り,,,34,135.659316,33.498507,,,56,串本町和深697-2,,
,東地花卉集荷施設,和深,,,,串本町,避難所 屋内避難先 屋外避難先 ,風水害 津波 地震,,☆☆☆,☆☆☆,耐震性有り,,,38,135.6577669,33.4986727,,,61,串本町和深1851,,
,小河口多目的集会所,和深,,,,串本町,避難所 屋内避難先 屋外避難先 ,風水害 津波 地震,土砂災害浸水予測地域 ,☆,☆☆☆,耐震性有り,,,16,135.6579248,33.5089717,,,61,串本町和深1170,,
,上品寺,和深,,,,串本町,避難所 屋内避難先 屋外避難先 ,風水害 津波 地震,土砂災害浸水予測地域 ,☆,☆☆,,,,12,135.6558534,33.5032287,,,,串本町和深929,,
,里川集会所,里川,,,,串本町,避難所 屋内避難先 屋外避難先 ,風水害 津波 地震,,☆,☆☆☆,耐震性有り,有,アルファ米、無線機,96,135.6573632,33.5428655,,,34,串本町里川636,,
,紀伊大島開発総合センター,大島,,,,串本町,避難所 屋内避難先 ,風水害 ,土砂災害浸水予測地域 ,☆,,,有,無線機、毛布,9,135.804716,33.468828,,,341,串本町大島8-10,,
,大島保育所校舎付近,大島,,,,串本町,避難所 屋内避難先 屋外避難先 ,風水害 津波 地震,土砂災害浸水予測地域 ,☆,☆,,,,17,135.811592,33.4731,,,,串本町大島1670,,
,蓮生寺,大島,,,,串本町,避難所 屋内避難先 屋外避難先 ,風水害 津波 地震,土砂災害浸水予測地域 ,☆,☆☆,,,,11,135.8040277,33.4716986,,,,串本町大島77,,
,大島小学校,大島,須江,樫野,,串本町,避難所 屋内避難先 屋外避難先 ,風水害 津波 地震,,☆☆☆,☆☆☆,耐震性有り,有,アルファ米、大型テント、無線機、保存水,76,135.82775,33.464136,,,354,串本町須江1577-11,,
,大島中学校,大島,須江,樫野,,串本町,避難所 屋内避難先 屋外避難先 ,風水害 津波 地震,,☆☆☆,☆☆☆,耐震性有り,有,間仕切り,81,135.828831,33.463205,,,297,串本町須江1482,,
,須江コミュニティセンター,須江,,,,串本町,避難所 屋内避難先 ,風水害 地震,,☆☆☆,☆☆☆,耐震性有り,,,72,135.82892,33.45928,,,24,串本町須江721-2,,
,須江･浜須賀集会所,須江,,,,串本町,避難所 屋内避難先 屋外避難先 ,風水害 津波 地震,,☆☆☆,☆☆☆,耐震性有り,,,59,135.8273065,33.459165,,,66,串本町須江635,,
,南丁寺,須江,,,,串本町,避難所 屋内避難先 屋外避難先 ,風水害 津波 地震,土砂災害浸水予測地域 ,☆,☆☆,,,,24,135.8282534,33.4575023,,,,串本町須江25,,
,樫野集会所,樫野,,,,串本町,避難所 屋内避難先 屋外避難先 ,風水害 津波 地震,,☆☆☆,☆☆☆,耐震性有り,,,49,135.851946,33.465088,,,,串本町樫野852 ,,
,樫野青年会館,樫野,,,,串本町,避難所 屋内避難先 屋外避難先 ,風水害 津波 地震,,☆☆☆,☆☆,,有,毛布,46,135.8507798,33.4665558,,,,串本町樫野637,,
,旧養春小学校,姫,姫川,,,串本町,避難所 屋内避難先 ,風水害 ,土砂災害浸水予測地域 ,☆,,,有,アルファ米、保存水、毛布,5,135.8006619,33.5011047,,,780,串本町姫27,,
,老人憩の家｢福寿荘｣,姫,姫川,,,串本町,避難所 屋内避難先 ,風水害 ,,☆☆☆,,,,,8.4,135.796986,33.497799,,,89,串本町姫718-1,,
,海林寺,姫,姫川,,,串本町,避難所 屋内避難先 屋外避難先 ,風水害 津波 地震,土砂災害浸水予測地域 ,☆,☆,,有,無線機,10.4,135.796874,33.502044,,,,串本町姫160,,
,伊串多目的集会所,伊串,,,,串本町,避難所 屋内避難先 ,風水害 ,,☆☆☆,,,有,無線機,5.2,135.804738,33.503417,,,116,串本町伊串864,,
,海蔵寺,伊串,,,,串本町,避難所 屋内避難先 屋外避難先 ,風水害 津波 地震,土砂災害浸水予測地域 ,☆,☆☆,,有,アルファ米、毛布,10.7,135.7043867,33.4928866,,,,串本町伊串144,,
,西向小学校（校舎）,西向,神野川,,,串本町,避難所 屋内避難先 屋外避難先 ,風水害 津波 地震,土砂災害浸水予測地域 ,☆,☆☆☆,耐震性有り,有,アルファ米、大型テント、毛布,8.4,135.8199491,33.5149438,,,260,串本町西向638,,
,西向中学校（校舎）,西向,神野川,,,串本町,避難所 屋内避難先 ,風水害 地震,,☆☆☆,☆,耐震性有り,有,間仕切り,9,135.8180964,33.5102268,,,373,串本町西向922,,
,旧西向幼稚園,西向,神野川,,,串本町,避難所 屋内避難先 ,風水害 ,,☆☆☆,,,,,6.5,135.820504,33.5127,,,254,串本町西向858-3,,
,西向多目的集会所,西向,神野川,,,串本町,避難所 屋内避難先 ,風水害 津波 地震,土砂災害浸水予測地域 ,☆,☆☆☆,耐震性有り,,,8.4,135.8202195,33.51441588,,,136,串本町西向648-1,,
,宗福寺,西向,神野川,,,串本町,避難所 屋内避難先 屋外避難先 ,風水害 津波 地震,土砂災害浸水予測地域 ,☆,☆☆,,有,保存水、毛布,16,135.816105,33.51571292,,,,串本町神野川1211,,
,成就寺,西向,神野川,,,串本町,避難所 屋内避難先 屋外避難先 ,風水害 津波 地震,土砂災害浸水予測地域 ,☆,☆☆,,,,6,135.822574,33.514588,,,,串本町西向396,,
,六勝寺,古田,,,,串本町,避難所 屋内避難先 屋外避難先 ,風水害 津波 地震,土砂災害浸水予測地域 ,☆,☆☆,,有,アルファ米、保存水、毛布,10,135.8116126,33.5298078,,,,串本町古田197,,
,古座小学校体育館,中湊,古座,,,串本町,避難所 屋内避難先 ,風水害 津波 地震,土砂災害浸水予測地域 津波浸水予測地域,☆,☆☆,耐震性有り,有,アルファ米、間仕切り,4.7,135.826276,33.521882,,,327,串本町中湊160,,
,県立串本古座高等学校古座校舎体育館,中湊,古座,,,串本町,避難所 屋内避難先 ,風水害 津波 地震,土砂災害浸水予測地域 ,☆,☆☆☆,耐震性有り,,,9.5,135.8272921,33.5230515,,,1066,串本町中湊377,,
,古座公民館,中湊,古座,,,串本町,避難所 屋内避難先 ,風水害 津波 地震,土砂災害浸水予測地域 ,☆,☆☆☆,耐震性有り,,,21,135.831355,33.517088,,,151,串本町中湊65,,
,中湊コミュニティセンター,中湊,古座,,,串本町,避難所 屋内避難先 ,風水害 ,土砂災害浸水予測地域 ,☆,☆,,,,7,135.828944,33.518947,,,127,串本町中湊163-12,,
,古座神社,中湊,古座,,,串本町,避難所 屋内避難先 屋外避難先 ,風水害 津波 地震,土砂災害浸水予測地域 ,☆,☆,,,,20,135.82977,33.514586,,,,串本町古座346-8,,
,串本町古座福祉センター,上野山,津荷,,,串本町,避難所 屋内避難先 屋外避難先 ,風水害 津波 地震,,☆☆☆,☆☆☆,耐震性有り,,,68,135.833459,33.518338,,,791,串本町上野山291-4,,
,上野山保育所,上野山,津荷,,,串本町,避難所 屋内避難先 屋外避難先 ,風水害 津波 地震,,☆☆☆,☆☆☆,耐震性有り,,,48,135.837628,33.512389,,,,串本町上野山143,,
,津荷集会所,津荷,,,,串本町,避難所 屋内避難先 ,風水害 ,,☆☆☆,,,有,無線機、アルファ米、保存水、毛布,4,135.8407273,33.5198905,,,120,串本町津荷376,,
,永明寺,津荷,,,,串本町,避難所 屋内避難先 屋外避難先 ,風水害 津波 地震,土砂災害浸水予測地域 ,☆,☆,,,,13,135.841419,33.516894,,,,串本町津荷533,,
,田原小学校（震災時は校舎２階以上）,田原,古座ヴィラ,,,串本町,避難所 屋内避難先 ,風水害 ,土砂災害浸水予測地域 ,☆,☆,,有,アルファ米,4.1,135.8682244,33.5388726,,,223,串本町田原725,,
,旧田原中学校（震災時は校舎２階以上）,田原,古座ヴィラ,,,串本町,避難所 屋内避難先 ,風水害 津波 地震,土砂災害浸水予測地域 津波浸水予測地域,☆,☆,耐震性有り,有,大型テント、間仕切り,4.1,135.867995,33.537659,,,278,串本町田原700,,
,山村交流センター,田原,古座ヴィラ,,,串本町,避難所 屋内避難先 ,風水害 ,,☆☆☆,,,,,3.7,135.871104,33.532355,,,200,串本町田原277-4,,
,田原区民会館,田原,古座ヴィラ,,,串本町,避難所 屋内避難先 ,風水害 ,,☆☆☆,,,有,ブルーシート,4.2,135.871923,33.533472,,,,串本町田原540,,
,古座ヴィラ集会所,田原,古座ヴィラ,,,串本町,避難所 屋内避難先 ,風水害 津波 地震,,☆☆☆,☆☆☆,耐震性有り,有,無線機、アルファ米、保存水、毛布,58,135.862639,33.529112,,,,"串本町田原3704-101,102",,
,上田原生活改善センター,上田原,佐部,,,串本町,避難所 屋外避難先 ,地震,,,☆☆,,,,10.4,135.8698044,33.561079,,,67,串本町上田原867-1,,
,佐部集会所,上田原,佐部,,,串本町,避難所 屋内避難先 屋外避難先 ,風水害 地震,,☆☆☆,☆☆☆,耐震性有り,,,12,135.8558598,33.5499262,,,72,串本町佐部320,,
,串本町役場第２庁舎（震災時は庁舎２階以上）,西向,,,,串本町,津波避難ビル ,風水害 津波 地震,土砂災害浸水予測地域 津波浸水予測地域,☆☆☆,☆,耐震性有り,有,アルファ米、毛布、衛星携帯電話、無線機,3.9,135.822887,33.518133,,,,串本町西向359,,
,紀乃国屋ビル（屋上）,矢ノ熊,,,,串本町,津波避難ビル ,津波 ,津波浸水予測地域,,☆,,有,簡易トイレ,13,135.781456,33.472252,,,,串本町串本1801,,
,成和ビル（屋上）,矢ノ熊,,,,串本町,津波避難ビル ,津波 ,津波浸水予測地域,,☆,,有,簡易トイレ,13,135.782079,33.471759,,,,串本町串本2304,,
,串本警察署（屋上）,大水崎,,,,串本町,津波避難ビル ,津波 ,津波浸水予測地域,,☆,,,,3,135.785571,33.478288,,,,串本町串本2114,,
,津波避難タワー（串本）,堀笠嶋,,,,串本町,津波避難タワー,津波 ,津波浸水予測地域,,☆,,有,簡易トイレ、毛布、ブルーシート,10.1,135.778755,33.464219,,,,串本町1434-1,,
,津波避難タワー（西向）,西向,,,,串本町,津波避難タワー,津波 ,津波浸水予測地域,,☆,,有,簡易トイレ、毛布、ブルーシート,12.7,135.823326,33.516241,,,,串本町西向536,,
,津波避難タワー（田並）,田並,,,,串本町,津波避難タワー,津波 ,津波浸水予測地域,,☆,,有,簡易トイレ、アルファ米、保存水、毛布、ブルーシート,8.7,135.717044,33.486269,,,,串本町田並1073-3,,
,津波避難タワー（田原）,田原,,,,串本町,津波避難タワー,津波 ,津波浸水予測地域,,☆,,有,簡易トイレ、アルファ米、保存水、毛布、ブルーシート,9.6,135.870269,33.534991,,,,串本町田原428,,
,NTTビル,南,堀笠嶋,,,串本町,津波避難ビル ,津波 ,津波浸水予測地域,,☆,,有,アルファ米、水、毛布,23,135.783544,33.462022,,,,串本町串本1894,,
,ＪＲ和深駅付近,和深,,,津波避難目標地点,串本町,屋外避難先 ,津波 ,,,☆☆,,,,14,135.654982,33.501147,,,,串本町和深800,,
,個人宅付近裏山,和深,,,津波避難目標地点,串本町,屋外避難先 ,津波 ,,,☆,,,,13,135.65721,33.503711,,,,串本町和深,,
,個人宅付近,和深,,,津波避難目標地点,串本町,屋外避難先 ,津波 ,,,☆☆,,,,12,135.658015,33.503532,,,,串本町和深,,
,串本町消防団和深分団屯所付近,和深,,,津波避難目標地点,串本町,屋外避難先 ,津波 ,,,☆☆,,,,14,135.658525,33.501828,,,,串本町和深,,
,民宿食堂えびす様付近,和深,,,津波避難目標地点,串本町,屋外避難先 ,津波 ,,,☆☆,,,,17,135.660754,33.498875,,,,串本町和深,,
,寺本鉄工所様付近,安指,,,津波避難目標地点,串本町,屋外避難先 ,津波 ,,,☆☆,,,,34,135.667747,33.492657,,,,串本町和深,,
,いわらし,安指,,,津波避難目標地点,串本町,屋外避難先 ,津波 ,,,☆,,,,15,135.668419,33.49182,,,,串本町和深,,
,鉄道法面（安指地区）,安指,,,津波避難目標地点,串本町,屋外避難先 ,津波 ,,,☆,,,,10,135.668793,33.49322,,,,串本町和深,,
,安指平見,安指,,,津波避難目標地点,串本町,屋外避難先 ,津波 ,,,☆☆,,,,26,135.668311,33.493783,,,,串本町和深,,
,個人宅付近裏山,安指,,,津波避難目標地点,串本町,屋外避難先 ,津波 ,,,☆,,,,15,135.669557,33.493933,,,,串本町和深,,
,個人宅付近上,安指,,,津波避難目標地点,串本町,屋外避難先 ,津波 ,,,☆,,,,18,135.670239,33.49298,,,,串本町和深,,
,九ノ平見 １,安指,,,津波避難目標地点,串本町,屋外避難先 ,津波 ,,,☆☆,,,,29,135.671841,33.491634,,,,串本町和深,,
,元峰平見（個人宅付近）,田子,,,津波避難目標地点,串本町,屋外避難先 ,津波 ,,,☆,,,,23,135.680807,33.490889,,,,串本町田子,,
,元峰平見（個人宅付近）,田子,,,津波避難目標地点,串本町,屋外避難先 ,津波 ,,,☆☆,,,,49,135.682388,33.492835,,,,串本町田子,,
,田子多目的集会所裏山,田子,,,津波避難目標地点,串本町,屋外避難先 ,津波 ,,,☆,,,,17,135.683679,33.492461,,,,串本町田子,,
,中平見（個人宅付近）,田子,,,津波避難目標地点,串本町,屋外避難先 ,津波 ,,,☆☆,,,,31,135.684912,33.491665,,,,串本町田子,,
,富山平見（個人宅付近）,田子,,,津波避難目標地点,串本町,屋外避難先 ,津波 ,,,☆☆,,,,44,135.688372,33.490614,,,,串本町田子,,
,鉄道法面（江田地区）,江田,,,津波避難目標地点,串本町,屋外避難先 ,津波 ,,,☆☆,,,,8,135.699145,33.494381,,,,串本町江田,,
,個人宅付近,江田,,,津波避難目標地点,串本町,屋外避難先 ,津波 ,,,☆,,,,7.8,135.699017,33.493008,,,,串本町江田,,
,個人宅付近裏山,江田,,,津波避難目標地点,串本町,屋外避難先 ,津波 ,,,☆,,,,10.6,135.699715,33.495658,,,,串本町江田,,
,個人宅付近裏山,江田,,,津波避難目標地点,串本町,屋外避難先 ,津波 ,,,☆,,,,8.8,135.700459,33.496629,,,,串本町江田,,
,個人宅付近,江田,,,津波避難目標地点,串本町,屋外避難先 ,津波 ,,,☆,,,,18,135.700939,33.496154,,,,串本町江田,,
,個人宅付近,江田,,,津波避難目標地点,串本町,屋外避難先 ,津波 ,,,☆,,,,21,135.702236,33.495528,,,,串本町江田,,
,個人宅付近裏山,江田,,,津波避難目標地点,串本町,屋外避難先 ,津波 ,,,☆,,,,8.8,135.701461,33.494839,,,,串本町江田,,
,個人宅付近裏山,江田,,,津波避難目標地点,串本町,屋外避難先 ,津波 ,,,☆,,,,10.8,135.701307,33.494338,,,,串本町江田,,
,個人宅付近裏山,江田,,,津波避難目標地点,串本町,屋外避難先 ,津波 ,,,☆,,,,20,135.702605,33.494347,,,,串本町江田,,
,個人宅付近裏山,江田,,,津波避難目標地点,串本町,屋外避難先 ,津波 ,,,☆☆,,,,20,135.703865,33.493685,,,,串本町江田,,
,個人宅付近裏山,江田,,,津波避難目標地点,串本町,屋外避難先 ,津波 ,,,☆☆,,,,9.3,135.703137,33.491674,,,,串本町江田,,
,個人宅付近裏山,江田,,,津波避難目標地点,串本町,屋外避難先 ,津波 ,,,☆☆,,,,20,135.704116,33.492213,,,,串本町江田,,
,国道４２号（江田平見登り口付近）,江田,,,津波避難目標地点,串本町,屋外避難先 ,津波 ,,,☆,,,,20,135.702754,33.490932,,,,串本町江田,,
,田並駅前広場,田並,,,津波避難目標地点,串本町,屋外避難先 ,津波 ,,,☆,,,,4,135.718608,33.487723,,,,串本町田並,,
,国道４２号（いねむりパーキング付近）,田並,,,津波避難目標地点,串本町,屋外避難先 ,津波 ,,,☆☆,,,,28,135.705845,33.488806,,,,串本町田並,,
,個人宅横側,田並,,,津波避難目標地点,串本町,屋外避難先 ,津波 ,,,☆,,,,14,135.709622,33.488566,,,,串本町田並,,
,個人宅様宅付近,田並,,,津波避難目標地点,串本町,屋外避難先 ,津波 ,,,☆,,,,12,135.710275,33.483793,,,,串本町田並,,
,個人宅横側,田並,,,津波避難目標地点,串本町,屋外避難先 ,津波 ,,,☆,,,,8,135.711356,33.485558,,,,串本町田並,,
,個人宅横側,田並,,,津波避難目標地点,串本町,屋外避難先 ,津波 ,,,☆☆,,,,32,135.712373,33.486054,,,,串本町田並,,
,個人宅横側,田並,,,津波避難目標地点,串本町,屋外避難先 ,津波 ,,,☆,,,,17,135.713399,33.48664,,,,串本町田並,,
,個人宅横側,田並,,,津波避難目標地点,串本町,屋外避難先 ,津波 ,,,☆,,,,8,135.716898,33.485012,,,,串本町田並,,
,個人宅裏（旧国道）,田並,,,津波避難目標地点,串本町,屋外避難先 ,津波 ,,,☆,,,,3,135.717357,33.485135,,,,串本町田並,,
,円光寺裏側,田並,,,津波避難目標地点,串本町,屋外避難先 ,津波 ,,,☆☆,,,,23,135.719043,33.483886,,,,串本町田並,,
,個人宅裏側,田並,,,津波避難目標地点,串本町,屋外避難先 ,津波 ,,,☆,,,,17,135.716359,33.487787,,,,串本町田並,,
,個人宅裏,田並,,,津波避難目標地点,串本町,屋外避難先 ,津波 ,,,☆,,,,12,135.717173,33.488849,,,,串本町田並,,
,個人宅横国道４２号法面,田並,,,津波避難目標地点,串本町,屋外避難先 ,津波 ,,,☆,,,,15,135.7198942,33.48712892,,,,串本町田並,,
,個人宅前国道４２号法面,田並,,,津波避難目標地点,串本町,屋外避難先 ,津波 ,,,☆,,,,10,135.7199317,33.48720945,,,,串本町田並,,
,田並保育所裏側ＪＲ田並駅線法面,田並,,,津波避難目標地点,串本町,屋外避難先 ,津波 ,,,☆,,,,8,135.7194623,33.48827425,,,,串本町田並,,
,個人宅裏側,田並,,,津波避難目標地点,串本町,屋外避難先 ,津波 ,,,☆,,,,12,135.7194757,33.48934798,,,,串本町田並,,
,個人宅横側,田並,,,津波避難目標地点,串本町,屋外避難先 ,津波 ,,,☆☆,,,,22,135.7191807,33.49030091,,,,串本町田並,,
,個人宅横側,田並,,,津波避難目標地点,串本町,屋外避難先 ,津波 ,,,☆,,,,6,135.7179898,33.49184884,,,,串本町田並,,
,個人宅横側,田並,,,津波避難目標地点,串本町,屋外避難先 ,津波 ,,,☆,,,,9,135.7193363,33.49372779,,,,串本町田並,,
,個人宅横側,田並,,,津波避難目標地点,串本町,屋外避難先 ,津波 ,,,☆,,,,15,135.7188857,33.4951146,,,,串本町田並,,
,個人宅前,田並,,,津波避難目標地点,串本町,屋外避難先 ,津波 ,,,☆☆,,,,23,135.7164341,33.49743188,,,,串本町田並,,
,天理の丘,有田,,,津波避難目標地点,串本町,屋外避難先 ,津波 ,,,☆☆,,,,12,135.7387528,33.4869768,,,,串本町有田,,
,個人宅付近,有田,,,津波避難目標地点,串本町,屋外避難先 ,津波 ,,,☆☆,,,,13,135.7315135,33.48615359,,,,串本町有田,,
,国道４２号（個人宅付近）,有田,,,津波避難目標地点,串本町,屋外避難先 ,津波 ,,,☆☆,,,,12.5,135.731881,33.48526325,,,,串本町有田,,
,個人宅付近,有田,,,津波避難目標地点,串本町,屋外避難先 ,津波 ,,,☆,,,,7.5,135.7347134,33.48596344,,,,串本町有田,,
,個人宅付近,有田,,,津波避難目標地点,串本町,屋外避難先 ,津波 ,,,☆☆,,,,12.5,135.7344505,33.48689627,,,,串本町有田,,
,次右衛門谷,有田,,,津波避難目標地点,串本町,屋外避難先 ,津波 ,,,☆,,,,6,135.7340857,33.48796555,,,,串本町有田,,
,裏山,有田,,,津波避難目標地点,串本町,屋外避難先 ,津波 ,,,☆☆,,,,7.5,135.7340643,33.48832123,,,,串本町有田,,
,裏山,有田,,,津波避難目標地点,串本町,屋外避難先 ,津波 ,,,☆☆,,,,7.5,135.7338068,33.48970366,,,,串本町有田,,
,個人宅付近,有田,,,津波避難目標地点,串本町,屋外避難先 ,津波 ,,,☆,,,,7.5,135.7323477,33.49207923,,,,串本町有田,,
,有田小学校裏山,有田,,,津波避難目標地点,串本町,屋外避難先 ,津波 ,,,☆,,,,12,135.734362,33.49105475,,,,串本町有田,,
,個人宅付近,有田,,,津波避難目標地点,串本町,屋外避難先 ,津波 ,,,☆,,,,14,135.7358962,33.4911912,,,,串本町有田,,
,串本有田病院付近,有田,,,津波避難目標地点,串本町,屋外避難先 ,津波 ,,,☆☆,,,,22.5,135.7387099,33.49412146,,,,串本町有田,,
,風吹山登山口,有田,,,津波避難目標地点,串本町,屋外避難先 ,津波 ,,,☆,,,,8.5,135.7392785,33.49302766,,,,串本町有田,,
,個人宅付近,有田,,,津波避難目標地点,串本町,屋外避難先 ,津波 ,,,☆☆,,,,9,135.7416415,33.49260266,,,,串本町有田,,
,ＪＲ紀伊有田駅,有田,,,津波避難目標地点,串本町,屋外避難先 ,津波 ,,,☆,,,,7,135.7348019,33.49064763,,,,串本町有田,,
,港谷,有田,,,津波避難目標地点,串本町,屋外避難先 ,津波 ,,,☆☆,,,,6,135.7383719,33.48813332,,,,串本町有田,,
,個人宅裏山,有田,,,津波避難目標地点,串本町,屋外避難先 ,津波 ,,,☆,,,,8,135.7374814,33.48730564,,,,串本町有田,,
,個人宅裏山,有田,,,津波避難目標地点,串本町,屋外避難先 ,津波 ,,,☆,,,,8,135.7378086,33.48629005,,,,串本町有田,,
,個人宅裏山,有田,,,津波避難目標地点,串本町,屋外避難先 ,津波 ,,,☆,,,,11,135.7389539,33.48528338,,,,串本町有田,,
,個人宅付近,有田,,,津波避難目標地点,串本町,屋外避難先 ,津波 ,,,☆☆,,,,10,135.7406276,33.48668823,,,,串本町有田,,
,個人宅付近,有田,,,津波避難目標地点,串本町,屋外避難先 ,津波 ,,,☆☆,,,,10,135.7408369,33.48491875,,,,串本町有田,,
,逢坂山トンネル付近,有田,,,津波避難目標地点,串本町,屋外避難先 ,津波 ,,,☆,,,,13,135.7396781,33.48451832,,,,串本町有田,,
,国道４２号（串本海中公園から逢坂山トンネル方面へ）,高富,,,津波避難目標地点,串本町,屋外避難先 ,津波 ,,,☆☆,,,,41,135.7426581,33.48371297,,,,串本町高富,,
,高浜谷,高富,,,津波避難目標地点,串本町,屋外避難先 ,津波 ,,,☆☆,,,,23,135.7461771,33.48429237,,,,串本町高富,,
,トラ谷,高富,,,津波避難目標地点,串本町,屋外避難先 ,津波 ,,,☆☆,,,,22,135.746329,33.484689,,,,串本町高富,,
,個人宅付近,高富,,,津波避難目標地点,串本町,屋外避難先 ,津波 ,,,☆☆,,,,21,135.753055,33.483819,,,,串本町高富,,
,個人宅付近裏山,高富,,,津波避難目標地点,串本町,屋外避難先 ,津波 ,,,☆,,,,6,135.757998,33.484845,,,,串本町高富,,
,個人宅付近,高富,,,津波避難目標地点,串本町,屋外避難先 ,津波 ,,,☆☆,,,,26,135.759364,33.486897,,,,串本町高富,,
,個人宅付近裏山,高富,,,津波避難目標地点,串本町,屋外避難先 ,津波 ,,,☆,,,,6,135.762505,33.484181,,,,串本町高富,,
,個人宅裏山,高富,,,津波避難目標地点,串本町,屋外避難先 ,津波 ,,,☆,,,,15,135.762819,33.48472,,,,串本町高富,,
,戸畔,二色,,,津波避難目標地点,串本町,屋外避難先 ,津波 ,,,☆,,,,42,135.7693702,33.48141099,,,,串本町二色,,
,個人宅付近,二色,,,津波避難目標地点,串本町,屋外避難先 ,津波 ,,,☆,,,,17,135.7663286,33.48399261,,,,串本町二色,,
,個人宅付近前の山,二色,,,津波避難目標地点,串本町,屋外避難先 ,津波 ,,,☆,,,,18,135.7690859,33.48833689,,,,串本町二色,,
,法雲寺裏山,二色,,,津波避難目標地点,串本町,屋外避難先 ,津波 ,,,☆,,,,22,135.7701722,33.48714234,,,,串本町二色,,
,高畑谷,二色,,,津波避難目標地点,串本町,屋外避難先 ,津波 ,,,☆☆,,,,12,135.7712317,33.4874421,,,,串本町二色,,
,稲荷神社,二色,,,津波避難目標地点,串本町,屋外避難先 ,津波 ,,,☆☆,,,,29,135.771119,33.48574869,,,,串本町二色,,
,個人宅付近裏山,二色,,,津波避難目標地点,串本町,屋外避難先 ,津波 ,,,☆☆,,,,20,135.7708669,33.48400603,,,,串本町二色,,
,個人宅付近裏山,二色,,,津波避難目標地点,串本町,屋外避難先 ,津波 ,,,☆,,,,14,135.7703948,33.48276445,,,,串本町二色,,
,個人宅付近裏山,二色,,,津波避難目標地点,串本町,屋外避難先 ,津波 ,,,☆,,,,19,135.7704484,33.48219175,,,,串本町二色,,
,個人宅付近裏山,二色,,,津波避難目標地点,串本町,屋外避難先 ,津波 ,,,☆☆,,,,18,135.7696894,33.48027899,,,,串本町二色,,
,個人宅付近裏山,二色,,,津波避難目標地点,串本町,屋外避難先 ,津波 ,,,☆☆,,,,14,135.7691583,33.47849819,,,,串本町二色,,
,平見登り口,二色,,,津波避難目標地点,串本町,屋外避難先 ,津波 ,,,☆,,,,7,135.7709688,33.47957652,,,,串本町二色,,
,個人宅付近裏山,二色,,,津波避難目標地点,串本町,屋外避難先 ,津波 ,,,☆☆,,,,23,135.773643,33.47938636,,,,串本町二色,,
,個人宅付近裏山,二色,,,津波避難目標地点,串本町,屋外避難先 ,津波 ,,,☆☆,,,,12,135.7752201,33.48014029,,,,串本町二色,,
,個人宅付近裏山,袋,,,津波避難目標地点,串本町,屋外避難先 ,津波 ,,,☆,,,,7.5,135.7752496,33.47681131,,,,串本町串本,,
,個人宅付近裏山,袋,,,津波避難目標地点,串本町,屋外避難先 ,津波 ,,,☆☆,,,,10.4,135.775381,33.4754779,,,,串本町串本,,
,個人宅付近裏山,袋,,,津波避難目標地点,串本町,屋外避難先 ,津波 ,,,☆,,,,9.5,135.7751423,33.47513112,,,,串本町串本,,
,シーマンズクラブ様宅付近登り口,袋,,,津波避難目標地点,串本町,屋外避難先 ,津波 ,,,☆,,,,9,135.7733506,33.47508414,,,,串本町串本,,
,個人宅付近裏山,袋,,,津波避難目標地点,串本町,屋外避難先 ,津波 ,,,☆,,,,20.5,135.7749009,33.47455613,,,,串本町串本,,
,個人宅付近裏山,袋,,,津波避難目標地点,串本町,屋外避難先 ,津波 ,,,☆,,,,12.4,135.7732379,33.47432121,,,,串本町串本,,
,個人宅付近裏山,袋,,,津波避難目標地点,串本町,屋外避難先 ,津波 ,,,☆,,,,17.5,135.7739621,33.47354039,,,,串本町串本,,
,西の岡,北,西,他,津波避難目標地点,串本町,屋外避難先 ,津波 ,,,☆☆,,,,28,135.7748151,33.47363883,,,,串本町串本,,
,ギオン山,北,西,他,津波避難目標地点,串本町,屋外避難先 ,津波 ,,,☆,,,,7,135.7755554,33.46796028,,,,串本町串本,,
,西の岡登り口（串本幼稚園付近）,北,矢ノ熊,,津波避難目標地点,串本町,屋外避難先 ,津波 ,,,☆☆,,,,20,135.7780391,33.47289155,,,,串本町串本,,
,西の岡登り口（墓地付近）,北,矢ノ熊,,津波避難目標地点,串本町,屋外避難先 ,津波 ,,,☆☆,,,,41,135.7752764,33.4733614,,,,串本町串本,,
,西の岡登り口（串本町図書館付近）,北,西,他,津波避難目標地点,串本町,屋外避難先 ,津波 ,,,☆☆,,,,26,135.7772076,33.47097188,,,,串本町串本,,
,串本小学校裏山,南,東,矢ノ熊,津波避難目標地点,串本町,屋外避難先 ,津波 ,,,☆,,,,15,135.7766765,33.47072577,,,,串本町串本,,
,西の岡登り口,北,西,他,津波避難目標地点,串本町,屋外避難先 ,津波 ,,,☆,,,,8,135.7753193,33.46993372,,,,串本町串本,,
,旧清風寮付近,西,植松,他,津波避難目標地点,串本町,屋外避難先 ,津波 ,,,☆,,,,8,135.7769206,33.46636942,,,,串本町串本,,
,県道潮岬周遊線（雇用促進住宅付近）,植松,堀笠嶋,,津波避難目標地点,串本町,屋外避難先 ,津波 ,,,☆,,,,10,135.7771298,33.46171076,,,,串本町串本,,
,Ａコープくしもと様付近登り口,堀笠嶋,,,津波避難目標地点,串本町,屋外避難先 ,津波 ,,,☆,,,,10,135.7815447,33.46187411,,,,串本町串本,,
,尾の浦奥,堀笠嶋,,,津波避難目標地点,串本町,屋外避難先 ,津波 ,,,☆☆,,,,23,135.7841519,33.46033013,,,,串本町串本,,
,串本町総合運動公園,大水崎,くじの川,矢ノ熊,津波避難目標地点,串本町,屋外避難先 ,津波 ,,,☆☆,,,,43,135.7842994,33.48287406,,,,串本町サンゴ台,,
,奥の谷,矢ノ熊,,,津波避難目標地点,串本町,屋外避難先 ,津波 ,,,☆☆,,,,22,135.778082,33.47520271,,,,串本町串本,,
,矢ノ熊谷,矢ノ熊,,,津波避難目標地点,串本町,屋外避難先 ,津波 ,,,☆☆,,,,32,135.7803217,33.47538617,,,,串本町串本,,
,個人宅付近裏山,矢ノ熊,,,津波避難目標地点,串本町,屋外避難先 ,津波 ,,,☆,,,,17,135.7802573,33.47448454,,,,串本町串本,,
,ゲートボール場付近,矢ノ熊,大水崎,,津波避難目標地点,串本町,屋外避難先 ,津波 ,,,☆,,,,7,135.7825881,33.47920067,,,,串本町サンゴ台,,
,雨天練習場付近,矢ノ熊,大水崎,,津波避難目標地点,串本町,屋外避難先 ,津波 ,,,☆,,,,10,135.7833928,33.48009554,,,,串本町サンゴ台,,
,イベント広場,大水崎,,,津波避難目標地点,串本町,屋外避難先 ,津波 ,,,☆☆,,,,28,135.7850075,33.48040875,,,,串本町サンゴ台,,
,西地墓地付近,くじの川,,,津波避難目標地点,串本町,屋外避難先 ,津波 ,,,☆,,,,11.7,135.7894009,33.4849881,,,,串本町鬮の川,,
,西地坂道付近,くじの川,,,津波避難目標地点,串本町,屋外避難先 ,津波 ,,,☆,,,,13.7,135.7907823,33.48666363,,,,串本町鬮の川,,
,坂地うどん店様駐車場付近,くじの川,,,津波避難目標地点,串本町,屋外避難先 ,津波 ,,,☆☆,,,,42,135.7926545,33.48915785,,,,串本町鬮の川,,
,トンネル前付近,くじの川,,,津波避難目標地点,串本町,屋外避難先 ,津波 ,,,☆☆,,,,10.7,135.7941779,33.48919587,,,,串本町鬮の川,,
,民宿坂地様駐車場付近,くじの川,,,津波避難目標地点,串本町,屋外避難先 ,津波 ,,,☆☆,,,,7.7,135.7948405,33.48915113,,,,串本町鬮の川,,
,個人宅付近,くじの川,,,津波避難目標地点,串本町,屋外避難先 ,津波 ,,,☆☆,,,,14,135.7785112,33.48156311,,,,串本町鬮の川,,
,裏山,くじの川,,,津波避難目標地点,串本町,屋外避難先 ,津波 ,,,☆,,,,,135.7879525,33.4829546,新設道路付近,,,串本町鬮の川,,
,個人宅付近,出雲,,,津波避難目標地点,串本町,屋外避難先 ,津波 ,,,☆☆,,,,20,135.7875556,33.44878293,,,,串本町出雲,,
,ヘイチの坂,出雲,,,津波避難目標地点,串本町,屋外避難先 ,津波 ,,,☆,,,,19,135.787757,33.449965,,,,串本町出雲,,
,個人宅付近,出雲,,,津波避難目標地点,串本町,屋外避難先 ,津波 ,,,☆,,,,10,135.78973,33.449576,,,,串本町出雲,,
,個人宅付近,出雲,,,津波避難目標地点,串本町,屋外避難先 ,津波 ,,,☆☆,,,,20,135.78936,33.451552,,,,串本町出雲,,
,墓地付近,出雲,,,津波避難目標地点,串本町,屋外避難先 ,津波 ,,,☆☆,,,,43,135.790882,33.449891,,,,串本町出雲,,
,出雲幼稚園横,出雲,,,津波避難目標地点,串本町,屋外避難先 ,津波 ,,,☆☆,,,,20,135.791654,33.44894854,,,,串本町出雲,,
,西の丘,出雲,,,津波避難目標地点,串本町,屋外避難先 ,津波 ,,,☆☆,,,,43,135.792291,33.449898,,,,串本町出雲,,
,旧小学校跡付近,出雲,,,津波避難目標地点,串本町,屋外避難先 ,津波 ,,,☆☆,,,,43,135.789585,33.453288,,,,串本町出雲,,
,防火水槽付近,出雲,,,津波避難目標地点,串本町,屋外避難先 ,津波 ,,,☆,,,,10,135.791708,33.452366,,,,串本町出雲,,
,一番山,大島,,,津波避難目標地点,串本町,屋外避難先 ,津波 ,,,☆,,,,,135.8011544,33.47246646,,,,串本町大島,,
,水谷高台,大島,,,津波避難目標地点,串本町,屋外避難先 ,津波 ,,,☆☆,,,,29,135.8003604,33.46694893,,,,串本町大島,,
,個人宅付近,大島,,,津波避難目標地点,串本町,屋外避難先 ,津波 ,,,☆☆,,,,21,135.800736,33.46893582,,,,串本町大島,,
,大石国旗台,大島,,,津波避難目標地点,串本町,屋外避難先 ,津波 ,,,☆,,,,,135.8010578,33.4703812,,,,串本町大島,,
,個人宅付近,大島,,,津波避難目標地点,串本町,屋外避難先 ,津波 ,,,☆☆,,,,48,135.8036542,33.47128959,,,,串本町大島,,
,個人宅付近裏山,大島,,,津波避難目標地点,串本町,屋外避難先 ,津波 ,,,☆,,,,5,135.8021522,33.47244408,,,,串本町大島,,
,個人宅付近裏山,大島,,,津波避難目標地点,串本町,屋外避難先 ,津波 ,,,☆,,,,6,135.8026832,33.47288708,,,,串本町大島,,
,田代口バス停付近裏山,大島,,,津波避難目標地点,串本町,屋外避難先 ,津波 ,,,☆☆,,,,41,135.8045715,33.4725291,,,,串本町大島,,
,個人宅付近,大島,,,津波避難目標地点,串本町,屋外避難先 ,津波 ,,,☆,,,,14,135.8069158,33.47369252,,,,串本町大島,,
,個人宅付近上,大島,,,津波避難目標地点,串本町,屋外避難先 ,津波 ,,,☆,,,,16,135.8083105,33.47457403,,,,串本町大島,,
,県道樫野串本線付近,大島,,,津波避難目標地点,串本町,屋外避難先 ,津波 ,,,☆☆,,,,32,135.80926,33.47513783,,,,串本町大島,,
,中尾の坂,須江,,,津波避難目標地点,串本町,屋外避難先 ,津波 ,,,☆☆,,,,21,135.826925,33.45718837,,,,串本町須江,,
,旧須江小学校,須江,,,津波避難目標地点,串本町,屋外避難先 ,津波 ,,,☆☆,,,,55,135.8273005,33.45951337,須江ダイビングセンター,,,串本町須江,,
,須江消防屯所,須江,,,津波避難目標地点,串本町,屋外避難先 ,津波 ,,,☆☆,,,,27,135.82582,33.45650808,,,,串本町須江,,
,コメリ様前登り口,姫,,,津波避難目標地点,串本町,屋外避難先 ,津波 ,,,☆☆,,,,20,135.79568,33.495428,,,,串本町姫,,
,個人宅,姫,,,津波避難目標地点,串本町,屋外避難先 ,津波 ,,,☆☆,,,,16,135.7963693,33.50063928,,,,串本町姫,,
,個人宅付近裏山,姫,,,津波避難目標地点,串本町,屋外避難先 ,津波 ,,,☆,,,,11,135.7963425,33.49960147,,,,串本町姫,,
,稲荷山,姫,,,津波避難目標地点,串本町,屋外避難先 ,津波 ,,,☆,,,,20,135.797879,33.501843,,,,串本町姫,,
,個人蜜柑畑,姫,,,津波避難目標地点,串本町,屋外避難先 ,津波 ,,,☆,,,,13,135.800044,33.501557,,,,串本町姫,,
,崩れ,姫,,,津波避難目標地点,串本町,屋外避難先 ,津波 ,,,☆☆,,,,11,135.802694,33.501246,,,,串本町姫,,
,山見登り口,伊串,,,津波避難目標地点,串本町,屋外避難先 ,津波 ,,,☆,,,,12.7,135.803318,33.50261,,,,串本町伊串,,
,セドノ山,伊串,,,津波避難目標地点,串本町,屋外避難先 ,津波 ,,,☆,,,,16.7,135.802749,33.503919,,,,串本町伊串,,
,ドウ谷,伊串,,,津波避難目標地点,串本町,屋外避難先 ,津波 ,,,☆,,,,14.7,135.80263,33.506985,,,,串本町伊串,,
,地蔵様,伊串,,,津波避難目標地点,串本町,屋外避難先 ,津波 ,,,☆,,,,13.7,135.8040297,33.50795725,,,,串本町伊串,,
,五輪山,伊串,,,津波避難目標地点,串本町,屋外避難先 ,津波 ,,,☆☆,,,,19.7,135.808804,33.504364,,,,串本町伊串,,
,大浦墓地,西向（目津大浦）,,,津波避難目標地点,串本町,屋外避難先 ,津波 ,,,☆,,,,16,135.812991,33.5055016,,,,串本町西向,,
,目津墓地,西向（目津大浦）,,,津波避難目標地点,串本町,屋外避難先 ,津波 ,,,☆☆,,,,16,135.8145922,33.50738025,,,,串本町西向,,
,目津平見,西向（目津大浦）,,,津波避難目標地点,串本町,屋外避難先 ,津波 ,,,☆,,,,24,135.81559,33.50767993,,,,串本町西向,,
,目津砂防,西向（目津大浦）,,,津波避難目標地点,串本町,屋外避難先 ,津波 ,,,☆☆,,,,27,135.8150429,33.50886525,,,,串本町西向,,
,目津の谷,西向（目津大浦）,,,津波避難目標地点,串本町,屋外避難先 ,津波 ,,,☆☆,,,,12,135.8145976,33.51081092,,,,串本町西向,,
,経塚,神野川,,,津波避難目標地点,串本町,屋外避難先 ,津波 ,,,☆,,,,17,135.8179423,33.51269392,,,,串本町神野川,,
,裏山（個人宅付近）,神野川,,,津波避難目標地点,串本町,屋外避難先 ,津波 ,,,☆,,,,8.5,135.8165154,33.51429288,,,,串本町神野川,,
,宗福寺,神野川,,,津波避難目標地点,串本町,屋外避難先 ,津波 ,,,☆,,,,10.5,135.816097,33.5156995,,,,串本町神野川,,
,金比羅山,神野川,,,津波避難目標地点,串本町,屋外避難先 ,津波 ,,,☆,,,,13.6,135.8192781,33.51391272,,,,串本町神野川,,
,火伏橋周辺,西向（原町）,西向（上ゲ地）,西向（住吉）,津波避難目標地点,串本町,屋外避難先 ,津波 ,,,☆,,,,10.5,135.8211502,33.51632788,,,,串本町西向,,
,火伏の森周辺,西向（原町）,西向（上ゲ地）,西向（住吉）,津波避難目標地点,串本町,屋外避難先 ,津波 ,,,☆,,,,7.7,135.8216384,33.51656939,,,,串本町西向,,
,成就寺,西向（岩淵）,,,津波避難目標地点,串本町,屋外避難先 ,津波 ,,,☆☆,,,,11,135.8197555,33.51798044,,,,串本町西向,,
,旧護国神社,西向（岩淵）,,,津波避難目標地点,串本町,屋外避難先 ,津波 ,,,☆,,,,21,135.8195543,33.5190471,,,,串本町西向,,
,裏山（個人宅付近）,西向（岩淵）,,,津波避難目標地点,串本町,屋外避難先 ,津波 ,,,☆☆,,,,20,135.8193263,33.52050059,,,,串本町西向,,
,裏山（個人宅付近）,西向（岩淵）,,,津波避難目標地点,串本町,屋外避難先 ,津波 ,,,☆☆,,,,16.5,135.8177894,33.52330465,,,,串本町西向,,
,裏山（個人宅付近）,西向（岩淵）,,,津波避難目標地点,串本町,屋外避難先 ,津波 ,,,☆,,,,17,135.8176097,33.52430192,,,,串本町西向,,
,市谷広場,古田,,,津波避難目標地点,串本町,屋外避難先 ,津波 ,,,☆☆,,,,12,135.808686,33.53115508,,,,串本町古田,,
,地主神社,古田,,,津波避難目標地点,串本町,屋外避難先 ,津波 ,,,☆,,,,8,135.8099574,33.53240938,,,,串本町古田,,
,裏山（個人宅付近）,古田,,,津波避難目標地点,串本町,屋外避難先 ,津波 ,,,☆,,,,22,135.808973,33.53504984,,,,串本町古田,,
,裏山（個人宅付近）,古田,,,津波避難目標地点,串本町,屋外避難先 ,津波 ,,,☆☆,,,,20,135.8153218,33.52549819,,,,串本町古田,,
,正法寺,中湊,,,津波避難目標地点,串本町,屋外避難先 ,風水害 津波 ,土砂災害浸水予測地域 ,☆,☆☆,,,,9.7,135.8258736,33.52384801,,,,串本町上田原1184,,
,右東谷津荷線登り口,中湊,,,津波避難目標地点,串本町,屋外避難先 ,津波 ,,,☆☆,,,,8,135.8282554,33.51912984,,,,串本町中湊,,
,阿弥陀寺,古座,,,津波避難目標地点,串本町,屋外避難先 ,津波 ,,,☆☆,,,,25,135.828191,33.51764054,,,,串本町古座,,
,眞谷,古座,,,津波避難目標地点,串本町,屋外避難先 ,津波 ,,,☆☆,,,,25,135.8284378,33.51684892,,,,串本町古座,,
,青原寺,古座,,,津波避難目標地点,串本町,屋外避難先 ,津波 ,,,☆☆,,,,29,135.8289394,33.51637261,,,,串本町古座,,
,中ノ谷,古座,,,津波避難目標地点,串本町,屋外避難先 ,津波 ,,,☆☆,,,,25,135.8303154,33.51513596,,,,串本町古座,,
,古座川病院裏山,古座,,,津波避難目標地点,串本町,屋外避難先 ,津波 ,,,☆☆,,,,25,135.8318415,33.51550271,,,,串本町古座,,
,上野山防災広場,津荷,,,津波避難目標地点,串本町,屋外避難先 ,津波 ,,,☆☆☆,,,,71,135.8319326,33.5190685,,,,串本町津荷,,
,上野山南,津荷,,,津波避難目標地点,串本町,屋外避難先 ,津波 ,,,☆☆,,,,35,135.8400598,33.51503533,,,,串本町津荷,,
,裏山（個人宅付近）,津荷,,,津波避難目標地点,串本町,屋外避難先 ,津波 ,,,☆,,,,5,135.8405292,33.51734983,,,,串本町津荷,,
,倉庫裏山,津荷,,,津波避難目標地点,串本町,屋外避難先 ,津波 ,,,☆,,,,14,135.8395341,33.51796926,,,,串本町津荷,,
,裏山（個人宅付近）,津荷,,,津波避難目標地点,串本町,屋外避難先 ,津波 ,,,☆,,,,10,135.8400719,33.51781608,,,,串本町津荷,,
,裏山（個人宅付近）,津荷,,,津波避難目標地点,串本町,屋外避難先 ,津波 ,,,☆,,,,14,135.8403441,33.51854173,,,,串本町津荷,,
,裏山（個人宅付近）,津荷,,,津波避難目標地点,串本町,屋外避難先 ,津波 ,,,☆,,,,12,135.840143,33.5188123,,,,串本町津荷,,
,裏山（個人宅付近）,津荷,,,津波避難目標地点,串本町,屋外避難先 ,津波 ,,,☆,,,,9,135.8396414,33.51952116,,,,串本町津荷,,
,上野山北,津荷,,,津波避難目標地点,串本町,屋外避難先 ,津波 ,,,☆☆,,,,28,135.8364576,33.52020319,,,,串本町津荷,,
,裏山（個人宅付近）,津荷,,,津波避難目標地点,串本町,屋外避難先 ,津波 ,,,☆☆,,,,18,135.8368251,33.5235372,,,,串本町津荷,,
,宮様の山,津荷,,,津波避難目標地点,串本町,屋外避難先 ,津波 ,,,☆,,,,9,135.8421694,33.51944178,,,,串本町津荷,,
,黒潮台,田原,,,津波避難目標地点,串本町,屋外避難先 ,津波 ,,,☆☆,,,,27,135.8657366,33.53091361,,,,串本町田原,,
,五平山,田原,,,津波避難目標地点,串本町,屋外避難先 ,津波 ,,,☆☆,,,,48.8,135.8683115,33.53364131,,,,串本町田原,,
,裏山,田原,,,津波避難目標地点,串本町,屋外避難先 ,津波 ,,,☆,,,,16,135.8692503,33.54077765,,,,串本町田原,,
,東向山,田原,,,津波避難目標地点,串本町,屋外避難先 ,津波 ,,,☆☆,,,,49.3,135.8721632,33.53718272,,,,串本町田原,,
,裏山(あらふね近く),田原,,,津波避難目標地点,串本町,屋外避難先 ,津波 ,,,☆,,,,17,135.8767927,33.53478155,,,,串本町田原,,
,個人宅付近急傾斜階段,田原,,,津波避難目標地点,串本町,屋外避難先 ,津波 ,,,☆,,,,12,135.8740541,33.53478826,,,,串本町田原,,
,東牟婁振興局新宮保健所串本支所,,,,,串本町,避難所 ,風水害 ,,☆☆☆,,,,,,135.821271,33.520541,,,,串本町西向193,,
,,,,,,,,,,,,,,,,,,,,,,,
